<?xml version="1.0" encoding="utf-8"?>
<ApplicationInstallerManifest>
   <DefaultInstallationDirectory>/Applications/UAVRT/</DefaultInstallationDirectory>
   <ApplicationName>UAVRT</ApplicationName>
   <ExecutableName>application/UAVRT.exe</ExecutableName>
   <GUID>2974b26b-19be-47b3-89ce-2e24ea747458</GUID>
   <ApplicationIcon>default_icon_48.png</ApplicationIcon>
   <Logo>logo7172174370808382300.tmp</Logo>
   <Version>1.0</Version>
   <InstallationNotes>In the following directions, replace MR/v96 by the directory on the target machine where MATLAB is installed, or MR by the directory where the MATLAB Runtime is installed.

If the environment variable DYLD_LIBRARY_PATH is undefined, set it to the following string:

MR/v96/runtime/maci64:MR/v96/sys/os/maci64:MR/v96/bin/maci64

If it is defined, set it to the following:

${DYLD_LIBRARY_PATH}:MR/v96/runtime/maci64:MR/v96/sys/os/maci64:MR/v96/bin/maci64
</InstallationNotes>
   <Summary>This program is used to interact and process data from the UAV-RT system.</Summary>
   <WelcomePanelText>UAVRT 1.0
This program is used to interact and process data from the UAV-RT system.
Michael Shafer</WelcomePanelText>
   <MCRProducts>
      <MCRProduct>
         <ExternalProductIdentifier>35000</ExternalProductIdentifier>
      </MCRProduct>
      <MCRProduct>
         <ExternalProductIdentifier>35010</ExternalProductIdentifier>
      </MCRProduct>
      <MCRProduct>
         <ExternalProductIdentifier>35119</ExternalProductIdentifier>
      </MCRProduct>
   </MCRProducts>
</ApplicationInstallerManifest>